A_TX,SIGMA_TX,X_TX,Y_TX,RES_TX,A_BCN,SIGMA_BCN,X_BCN,Y_BCN,RES_BCN
100,2,170,140.2,-1,3423.1179472671397,0.9661381106886532,27.65362927015167,25.572191465127332,115416.83698587056
100,2,-118,140.2,-1,2682.3645437702053,1.5615519114187113,27.24068923528455,25.640148252747878,12384257.488483043
1582.0981453346412,4.812511538840854,18.9021626134531,18.973252012291397,23296422.5049894,4351.400388206253,1.026059316381374,23.60051769553118,17.573633059185,1854486.8710888112
1579.5843692944713,4.797323400962237,19.013016973765986,18.815220451503677,23601099.848167684,4345.404805487076,1.0282193149290908,23.61165892079697,17.56018349441419,1963925.3354158332
1568.1762791339615,4.818413888459647,19.03605398440581,19.204306881180457,23281458.101546507,4348.498776089767,1.0249589481665988,23.60267989831408,17.583017853356665,1854301.028999426
1578.3587492840668,4.795296772812707,19.32117465000323,18.200291888525783,23015216.037418257,4287.729871154014,1.027547655988203,23.60730672298851,16.588349512815057,1856677.9850266606
1568.988883738204,4.804027660524075,19.1210556704429,18.336184657755297,23263651.351758394,4344.122471538817,1.0306455245715027,23.5927567074352,16.570131147897058,1887264.66896564
1575.2486343490607,4.808334276176181,19.176585126733897,18.979501257418946,24684820.4407578,4355.679977825487,1.0217909597285575,23.65323052775804,17.550619491787444,2014050.5876315697
1578.3404923244084,4.802131124145799,19.13115643577524,18.94066438927203,24157408.408282876,4358.975014199743,1.0247453911628452,23.63292449127158,17.544401798780484,2018301.8962244028
1583.0602781083135,4.804762223080074,19.124846650915572,19.181384982984383,23289557.765128303,4335.5470832498295,1.0256431718727081,23.606027305629993,17.576569789811202,1935626.3569604831
1581.787042420408,4.799684525637493,19.253790080354236,19.040708014562767,23970099.42358408,4309.898027281474,1.0286878384750693,23.62799244324549,17.574296491107646,1922043.2714230851
1576.614072795401,4.810654314371846,19.137283884115305,19.09667182501471,24001751.963844955,4349.143162276201,1.022429773258859,23.6327855412587,17.573489896288464,1939005.6636588073
1573.149047101142,4.795742976712842,19.182807810495063,18.986012894858817,23407606.173581682,4319.007963019806,1.0284103329185355,23.609567653583298,17.578086200912196,1909091.8782781982
1548.2717373401078,4.824332038647567,18.913951892643382,19.155583098349922,23710646.529656593,4401.4066380947315,1.026282075331477,23.60793067306662,17.543876315090415,1937863.1954626732
1578.5614588886492,4.787089960963411,19.333511439193018,19.06760701253367,23154970.097930096,4306.614671054692,1.026305400644114,23.61291480088488,17.55230050753366,2012833.859946473
1566.1833108311669,4.811700341534685,19.10649722853242,19.20988178638825,23083484.8026302,4355.220161913285,1.0271269682573254,23.599002609578463,17.554368978402778,1960772.4504949972
1578.9872344867335,4.804454091066542,19.194044080044762,18.999575718666392,23515474.025771216,4330.1309050596465,1.0239469802969468,23.625810164023676,17.554663246580134,1950586.553748553
1584.9443175246117,4.802605722886648,19.163057636346764,18.972130190419136,24871031.118606824,4362.067003180703,1.028476349812562,23.64033218032739,17.547101784598368,2035533.213048641
1556.4507503417055,4.8343815207189085,18.92331160572857,19.320970606661632,24700513.208389502,4419.0602995760455,1.0176319816818449,23.643828610972918,17.563865714902846,1937596.0410934426
1599.4366742920217,4.775463327506236,19.618941013134787,19.066036411191646,24924926.34250954,4259.68333309425,1.0263967914919816,23.66967385405806,17.598285730555887,1955104.7240705274
1548.6817866888982,4.831322362932333,18.923797391855572,18.440499049695376,25755803.838253845,4418.228690971351,1.0199892534940573,23.66804918572683,16.60679481264046,1760234.0865576083
1587.3164256730406,4.768583563350087,19.466980563892207,18.88458484116697,23805151.579816703,4279.406565021048,1.0241554503760846,23.640046475734152,17.57424172544907,1976024.1287953558
1549.6614599434063,4.823811925239699,18.973324269312343,19.04957670473209,26397108.81746777,4443.084671858004,1.0170632894872405,23.697697597549848,17.52618015668085,2014370.420030622
1584.5204456689091,4.7999939501606015,19.213964573282595,18.72420776656432,24059246.269193143,4334.940010718696,1.0227157224188699,23.640781048988316,17.5389290202651,2094903.000812399
1567.865043868582,4.808630935056296,19.152135067359723,19.14005291982002,23942778.653521955,4343.974680987169,1.0263902581936797,23.62754714436565,17.56284069935569,1917388.356629968
1564.9754555207965,4.808301770692533,19.272346381808376,19.23122952710773,23515546.075427,4326.203515606637,1.0213790380483796,23.622534929265754,17.578661916268715,1886017.7641327057
1562.5360191931059,4.800337926304458,19.30597955426606,19.084446372967022,26017915.243391026,4376.985367339366,1.0219841914285783,23.690557466114797,17.54325974763543,2051685.451678938
1550.2460733862254,4.825986928526746,18.92274476334333,18.96990071087552,25344116.787627205,4411.91135324587,1.019884613465228,23.66588384859142,17.55817077606065,1924995.955229618
1575.659527296207,4.8056203462194285,19.138207794358863,18.901039647600868,24295365.77840088,4339.708717321466,1.0218176433774846,23.650470493382954,17.568033133463246,1909518.345867252
1568.9763235853723,4.811891612703142,19.174929366738326,19.164208575042238,24502641.731904138,4366.901749571514,1.0233430747741599,23.644094120267198,17.551980946661757,2011638.019397866
1569.9618716491132,4.8072260239449465,19.32287292332356,19.15554800848693,24153937.31660802,4349.204183599565,1.023149838221893,23.6402326377509,17.54145183086237,2054491.7026811212
1564.5642972768078,4.811807003610591,19.03542966264129,19.06293710789612,23553874.565305084,4347.842654316947,1.028311658165944,23.60962524946322,17.574957552937235,1891872.0717811992
1570.4692856087456,4.792497826557402,19.0629232059822,18.824770773132883,22880156.627960574,4318.513856542263,1.022986963063163,23.604447734827062,17.591256956162795,1876891.3543818337
1568.4471333048557,4.807989995725444,19.03685152285277,19.104619671849065,23948794.742136154,4352.903028783372,1.0206183416767758,23.62832331013638,17.611850170525713,1853180.1970624297
1579.410034903933,4.804479409506697,19.158886844603273,19.11975137827315,23682322.20756772,4329.704737691506,1.0207817365229659,23.627596642558785,17.614203049397076,1915397.538961162
1579.3487974023976,4.793281681450646,19.300363124932034,19.068723340264995,23954146.56723024,4303.7167736422125,1.0281569159238366,23.629744254408138,17.584353514879837,1921308.2780211533
1559.5914584364627,4.822225039746835,18.854835697680215,19.137983461176617,24337545.869801402,4393.747412730418,1.0253848707679463,23.630093882094457,17.567800726061307,1871987.3006149612
1574.7741836761224,4.815324495789721,19.15401582127234,18.85055499068946,25991725.834166117,4368.296773037547,1.0135935903398585,23.709373500656,17.575266325337623,1938269.5856102477
1569.632015294685,4.829026935572226,19.036841674589397,19.10870346989384,24855637.195835724,4364.5994658752315,1.0239307309572336,23.649285455247337,17.593474092233834,1913712.2851835254
1585.7455148030556,4.803939835368386,19.34943895057384,19.162740575194903,23606259.97270641,4299.131358402397,1.0253162138556697,23.62335517938874,17.589171149085246,1923152.4554752128
1572.1232134829745,4.800094875172479,19.268419438457272,19.182229434015824,24491638.939881984,4314.49536820701,1.0273835141050283,23.6483650920091,17.578689923286362,1829506.8649051313
1567.0953058886712,4.802519802227781,18.968913126576524,18.733397188426437,23902422.22879831,4342.179781384304,1.0222570906199289,23.638014787987913,17.57781602576361,1846573.0855800973
1558.5308875957428,4.8058652504054535,19.742654856027997,18.7196949953252,23901824.485025503,4381.645732244488,1.024219447703989,24.61420629022041,17.604790646662224,1825858.9028825972
1576.941946542812,4.799153284314462,19.11691698727256,18.927624733383027,23778913.849541146,4310.163872165871,1.0186812656806195,23.640883991790275,17.625946060989975,1784490.332353597
1568.7102239337964,4.82115914644712,19.238085872397107,18.519511834784225,24571378.37558146,4319.775165060046,1.0273894195100266,23.63880675650867,16.632341806269068,1699641.33506028
1577.6838844046745,4.7984050715382445,19.326473020472008,18.26764272699006,23806003.954182133,4306.927172411885,1.0258921413784219,23.620574621524014,16.62429737745353,1882703.264605671
1574.8195975540223,4.807733373479513,18.88917733687316,19.024945051991295,23657632.720628858,4362.77054953973,1.0289902301014375,23.5924844890192,17.623633102372622,1825274.6519366163
1562.3124866033702,4.8051963886181825,18.78297363006547,18.782429768917268,22667870.81636472,4373.007552719138,1.0249052428394236,23.57165294364694,17.612044803131624,1836675.822719671
1569.8060107180333,4.798597326134633,18.907812913951062,18.806058779143967,22570454.53819335,4351.190255845576,1.0259176745597134,23.57621551186162,17.59961702925142,1901481.0387074111
1559.9945108460226,4.810239398269735,19.14057226853484,19.220614307450575,21738872.110607848,4307.532262128892,1.024170764796552,23.567699335884043,17.599598779738358,1758116.5273903122
1582.929915817133,4.793039375539521,19.46021462549325,18.30106732123744,23135964.582198918,4275.9219706900185,1.0303792128999918,23.60912470493892,16.591353797671275,1893191.6737809917
1564.0650398591627,4.807249368726708,19.089939436421787,19.224814948283864,24064295.217719976,4339.4666672648245,1.0220232094119983,23.629171837528247,17.630977530176438,1769990.9137681972
1573.0778832230794,4.800320530216234,19.0084623550145,18.882631120969336,23040800.26665898,4315.307548651935,1.0313703561530256,23.589840063830366,17.616471940843752,1825349.7472173905
1546.0770136388708,4.8239627728955465,18.805976205488747,18.989179364815982,24076653.125290714,4389.019513045173,1.023827505061831,23.61830828551399,17.61784433998929,1793452.4562980242
1580.7683026700877,4.786694609619822,19.248689393546783,18.960671618044557,22684555.345734835,4266.623350555729,1.027112799372673,23.59201080130518,17.62955087616021,1800155.933491028
1572.6232374127696,4.813180444509397,19.117500667808258,18.284243649130246,23377290.784510925,4332.698123169064,1.0238652329324773,23.618362805615362,16.597789177851524,1817230.5911734917
1583.4189950336809,4.792546088171821,19.324684693640364,19.006515246052345,24991519.230088204,4323.614265590833,1.0202821271170985,23.65338963952982,17.633022168251074,1934496.5073811288
1564.368277278955,4.807483229507639,19.123960635675445,19.20169458935061,22692816.46332282,4338.131092563618,1.0249738030983675,23.597538906716522,17.555376698677833,1905583.3471628036
1563.3101509728344,4.797776965161157,19.13884825770478,19.155215788104357,22117466.413996797,4366.8604522345395,1.0242941585105376,23.572918968792692,17.5342495145523,2051276.7487834538
1558.2414510265744,4.804085509885307,19.183898026529988,19.180850540652386,23070555.83962625,4375.28153739097,1.0309121346548784,23.58626293588705,17.523239419437033,2106232.6793578975
1549.223047932796,4.807200710418069,19.185317226377435,18.2361175093628,22669001.52750305,4349.977423459483,1.0230608027075994,23.593072510554748,16.571983110023695,1961708.0216159853
1570.776053679562,4.7852196805881615,19.152340035056795,19.025067817841943,23306896.998752628,4337.650700370362,1.0293872104294477,23.59542078692357,17.588147103317425,1950437.556165416
1549.2410713255033,4.817979639504407,18.82979467949832,18.967304266773624,23734037.323920876,4398.206562801506,1.0222651478841294,23.6124358518814,17.59127550967756,1913559.5172145378
1562.661350317049,4.787005863325075,19.391552239308083,19.07037453957011,23063294.10427248,4285.388771253575,1.0252204884516691,23.611854551337473,17.598967402918475,1865111.5315577933
1548.070746365736,4.822097806645087,19.131147080868146,18.378992905605514,24551962.188918166,4384.131038329811,1.017772748053224,23.650398836201532,16.582795308964847,1895979.7639173577
1575.259309713597,4.792781440229295,19.395654757977525,19.08807664482731,25094825.914846845,4360.753005643727,1.0258141809416186,23.651466415592694,17.535564203324185,2171791.4091553814
1539.2386105348767,4.833402405292819,18.953051178975528,19.16075678515466,24776267.948639505,4407.8055984844905,1.0244155075219294,23.647708005329918,17.51969317027536,1945418.0669549138
1555.913800654198,4.8063881586946025,19.11815188922108,18.887419292814855,23866980.270279203,4372.0422329279245,1.0240665492986536,23.62311477803854,17.511949208212258,2084462.0769898107
1554.1383545691874,4.798449752222929,19.11777136371441,18.881245477046804,23530300.98199041,4380.823123085488,1.0238407836241823,23.61932435680444,17.50974064194392,2111554.358566762
1562.2591555743568,4.81029014035359,19.208260713408635,19.103089906433752,24122147.72085,4355.393569105519,1.0218390489306892,23.641948451393404,17.507131281407453,1986718.0050881002
1573.777517100311,4.793210731591974,19.32980757493587,18.995305598825382,25878493.320269074,4371.243774948572,1.0203298182225442,23.6922039235383,17.53165492732768,2129760.352401004
1563.9479651314439,4.819028167808873,19.015958433530955,18.908374276172623,26230141.50863682,4396.641156937555,1.018607698646808,23.694807334578627,17.521719284575823,1969206.3805016982
1576.9556023415928,4.813514817500023,19.13094081648353,18.774653902143115,25623268.508782197,4387.625078268155,1.0163294295027907,23.686299725798932,17.519951259887677,2082970.477968747
1567.0431373602812,4.797000332887406,19.19807401169706,19.031161110420527,23578872.612659395,4363.2341898342365,1.0254503720047312,23.61503244417824,17.517903464252072,2118632.4366099006
1574.666115833952,4.781628337069469,19.568243216950407,18.25965248903691,22614085.880528446,4299.295224617329,1.027535917155586,23.599343548017742,16.516838356662674,2072302.838990358
1556.0481870137544,4.812599943363378,19.222225978652347,18.290682565835965,24358308.33347951,4386.11911971756,1.0255346350549694,23.635820971558047,16.514800785086265,2068536.7397653176
1550.4684958410733,4.808478374707462,19.062992101181464,18.936619633337642,24051887.6948352,4388.605005997728,1.0252395343773313,23.623193225341282,17.5238228969246,2101814.6131950687
1554.3388105265153,4.805082811235531,18.938707376092225,18.72207193102531,24199033.93794917,4387.233125540528,1.0234076982612788,23.63085873585308,17.536320885620995,1999852.200980614
1562.1459072049001,4.819309835367768,19.04161304493914,18.953936727210618,24537908.62137573,4356.9738672310705,1.0193392221381088,23.652646451783397,17.57526520180261,1877696.4191896203
1573.2931848545775,4.804500296959058,19.31100155936099,19.19662518746182,24367486.626613393,4328.381594574415,1.025241455449248,23.644821940744436,17.5727463318224,1959706.8639866773
1549.904021639659,4.815101593910625,19.10263551443927,18.29368209343093,24314884.485096924,4368.364696741358,1.0237577555423603,23.636916551703052,16.572757128758923,1861117.1824040064
1547.232857899259,4.805289724465396,18.976035402709414,18.749827035778992,23479357.937726863,4378.273291798212,1.025473383060006,23.613652167001675,17.54943014405066,1998203.493155679
1547.2693415389049,4.811004408338672,18.93535452197412,18.85661184351855,24896632.305608314,4406.742993996195,1.0254224417985698,23.64427376665887,17.5287060488958,1981388.0817347066
1546.1671763223228,4.812302724040507,19.123807258152198,18.967754726490227,24207096.550676137,4381.868181416188,1.0190686364522503,23.64072480713142,17.508365280502005,2034507.7529949634
1546.1018910656271,4.81157738221886,19.165584490398544,19.065470535609336,25572715.273342017,4418.241136569483,1.0207674895351864,23.66966434697889,17.494871806876404,2130241.9899360435
1558.9895562321028,4.804802046006487,19.25087647614751,19.133053479727778,24814978.84876544,4384.534209537382,1.0178546126607175,23.661456598152085,17.50416390941706,2066397.2090615348
1553.3709542762178,4.800510306262867,19.234889445037624,19.116432590880237,23726174.40198368,4349.697689072253,1.025271630905114,23.622406745960063,17.500648748220982,1969514.2403255785
1555.1931270470643,4.809865522813724,19.045026795430573,18.937672451549446,23349760.461404193,4369.436622500371,1.025223237342018,23.612814057038833,17.508093115633613,2005390.1066904159
1553.242535986767,4.797220670142635,19.079858423113762,18.87828735742093,23742596.370843817,4380.0457070931625,1.024174066737668,23.62492480900906,17.498767007992484,2090577.8871432273
1549.2569909425476,4.808956824251892,19.07809359323778,18.88173465629569,24189225.03219099,4396.9682847570475,1.0240413450632897,23.628940902656325,17.505957460264085,2110371.220772858
1544.7641578499718,4.8044767779145365,19.093008583949143,19.003887873428766,22519874.074622005,4382.3630046421495,1.0286166905379774,23.574450588462668,17.478343473428538,2093422.645229901
1534.4233968799917,4.8006957936485835,19.006933978118553,18.936745757900155,22792507.37035549,4395.740083008095,1.0298343456622814,23.570516037648076,17.49189499566546,2024897.9798328879
1538.650334045999,4.798786432108582,19.076799460617536,18.971599210370726,22617212.534446295,4375.973123614,1.0268806202215135,23.58122681269336,17.487260257089105,2063492.645297501
1547.109875331831,4.796236881738059,19.161861352350456,18.929236931157845,22242008.806919474,4351.568880979535,1.0273503064681402,23.581590335956008,17.46602249521024,2027370.8019799772
1541.4206217493015,4.800479752182058,19.032522594995328,19.082302585674455,22051910.971842613,4390.599700468357,1.02362322937583,23.57103535541836,17.4660518438603,2041775.3711877794
1546.7343075594972,4.785235758977168,19.174888731933805,18.960104025248825,22017522.9818466,4358.6515590562585,1.0288180232229942,23.565055945227073,17.48003196008355,2074456.2500759293
1531.1627027469508,4.804030845718064,19.08240514784609,19.06294420267443,23319600.241152864,4376.00306997967,1.0264484224242447,23.60919947804075,17.500180074446718,1947139.2424010383
1545.5879344401985,4.792075506950673,19.178711322890393,18.880214606271835,22640329.270830445,4360.723895198367,1.0268681922112886,23.586688805620952,17.49397469952325,2070631.014797259
1538.6124871539314,4.808522318983047,19.06021662251851,19.012268383184534,23787148.618541252,4385.512333673173,1.023736414248783,23.62545057531068,17.476196597847093,1980317.714441302
1539.8111916700218,4.813198954116172,19.03191175258999,19.023761248551097,24101601.71327852,4413.070015947975,1.0202444434359128,23.627063683968686,17.462937452580064,2047132.6135512665
1551.1337598700134,4.789685409951002,19.18592758676681,18.97880772398196,22930854.906516343,4364.395380652977,1.0266563718751385,23.592698449245006,17.480316140872247,2065933.4868884494
1553.9557265942146,4.808211409655852,19.09221074752395,18.98680744067832,24889183.68569886,4375.163360714145,1.0274380356433528,23.648761551263988,17.511531111337916,1976156.1171155078
1555.8785928652962,4.809825759245224,19.14847048340326,19.104673755775707,23413139.37439356,4354.090031144442,1.026741200346088,23.61276696764702,17.490929307823308,2001443.7666031125
1555.648490506829,4.812694047802061,19.150295571174865,19.047494960228335,23000294.09093752,4364.360902495714,1.0308213839765155,23.59561773081859,17.46138780558769,2061330.5006383997
1555.944920967811,4.806539466448134,19.110204425171418,19.083499671904036,23371371.0475623,4357.348419791469,1.0243546876356615,23.61771465002232,17.47323579308346,1962682.6261161638
1562.114984442526,4.795580480529928,19.19106065544821,18.77950128966725,25648587.627376683,4397.381722493762,1.0233249876670523,23.671262102560746,17.49150271707228,2150808.1896949657
1540.2654640177232,4.834962591081617,18.758539548238502,18.84525811054837,26314447.09609075,4452.690281514932,1.0213815443909797,23.681125774331406,17.48739382828404,1952132.1232397445
1554.4155663442853,4.809091437341876,19.21072854264682,18.955242227782065,25573663.38199167,4379.882721928089,1.0196019644922147,23.67863395503656,17.507118022737416,2032107.9102289844
1554.6017197882009,4.803208240433754,19.19430918369997,18.273970762504007,24306848.22379584,4396.478333090046,1.0282624420279718,23.62084183645956,16.513670781057215,2077098.6814179718
1549.4060872387363,4.81411312261353,19.184092820894023,18.992779794573096,24603789.966688387,4346.910797185275,1.0217421035606136,23.661912317345298,17.52828617589458,1928185.5010025043
1553.5864261840277,4.80465532320528,19.06701227414075,18.908180306630754,25456627.551657155,4402.957353058375,1.0258545380581179,23.660956018344507,17.51990849436416,2064463.8402344356
1548.1580766324987,4.81983768261051,18.91999724798032,19.04202532014787,24414788.077993218,4400.0731089994,1.0195164335295168,23.639784156925202,17.569444592002725,1904530.2638949575
1557.0500996835606,4.795444441489879,19.240348997184242,18.901800123037333,25308803.055750433,4375.863004318679,1.0258297709643367,23.660354609597192,17.53913320578289,2061001.970485154
1548.5222105708717,4.827149228034778,19.02561919968869,19.155072216806445,24415216.097206105,4371.278409396397,1.023993279894953,23.63768077453176,17.57857628761468,1864040.1198314426
1556.022799168279,4.813729366730301,19.19793882408908,19.046186929692283,26216875.889973342,4372.7635641313545,1.0191512239543437,23.697247326995324,17.583662709195693,1880497.6268583592
1546.562733558588,4.819590000420937,19.08115878753634,19.22261569843812,24953043.368662674,4389.700144615534,1.0203644939528103,23.6551969297864,17.568061324962457,1930043.6642818148
1567.131667214132,4.793613631133077,19.328359801622014,18.96726530164989,23878227.261857647,4318.636504136299,1.0223247678081457,23.63914119165571,17.575548769089323,1968071.315469803
1535.0016040556504,4.806608009915888,19.071090402314695,18.2439011856913,24151535.405320924,4384.513370315142,1.0253790093811403,23.61931278083884,16.581397224278675,1890625.1424803443
1554.9273714801138,4.799732152707364,19.2814400530757,19.054536096030603,25006375.671632584,4331.828926449068,1.0192792740072392,23.66957483390442,17.60891951425029,1836293.4864996981
1555.2779738001818,4.8235242298511345,19.02853610409025,19.195163382415274,25081965.68971152,4391.674069884547,1.0245951987246809,23.65161700074833,17.5837648648031,1925355.0209786599
1564.7242300617056,4.8104556450821905,19.12977214553166,18.95887174510827,26309957.47409087,4376.198615017253,1.0143356447367615,23.702375363412017,17.617041526215985,1858644.825913574
1555.6827559965573,4.823787363651517,19.12076179115786,19.064831035216002,27944214.984418895,4391.323580895244,1.0176948008969107,23.751410711756193,17.597723086447473,1795693.5471461238
1554.6205313098624,4.828071492118469,19.07694990143702,19.11595189428388,27170187.264275927,4407.080192136136,1.0113163987848315,23.729117113595578,17.609068537072233,1807297.1348406982
1566.2452813939387,4.792024931323408,19.34238086108104,18.212733939906116,23740341.35096122,4365.73389121513,1.0246117065456113,23.6168388787805,16.524117513668642,2109486.4854950006
1559.5355914329264,4.801146544167779,19.297662168821375,18.2121157278809,24321678.26124224,4356.81312487884,1.0239473486726873,23.64167193597757,16.53900652037953,2022918.874628323
1555.121647302413,4.811613329617912,19.232334975580926,18.969395572499025,26499025.24221709,4386.411132374598,1.0215548303182458,23.706799145394,17.531324608461404,1993212.9040117452
1553.3986156433962,4.792987168253127,19.073604503496938,18.911535874352154,25080724.115485642,4360.173070409108,1.0239313738733837,23.65496115166232,17.60561735520949,1869168.7723303665
1544.597749522478,4.802771289238951,19.0627368894352,19.065184422531814,23168875.540887266,4338.845070436528,1.023519030412013,23.606957267319018,17.604855337677805,1805219.9070501945
1550.083328352935,4.800632046963219,19.27840094852951,19.16717768206351,23577207.78803332,4352.422529153564,1.0281860654442063,23.607057600903573,17.579305224620356,2038689.3468350885
1553.7578398117946,4.786029955603945,19.32713659795337,18.363201591361985,23266233.267932303,4311.457640906311,1.0291455209229488,23.60398261632662,16.60281418918251,1822480.8486233533
1564.23650115083,4.793121986902999,19.39933502168637,19.137284576744122,24414155.74506008,4320.150288570537,1.0264170934631753,23.63688300441291,17.587835474244088,1965562.5403621616
1550.9363582595656,4.800953705871878,19.061147960922142,18.86287265291159,24799134.754650783,4379.3913437062965,1.026857635443839,23.643206203204898,17.569964472008593,2028525.812308582
1542.4531910010608,4.80374988613137,19.770643743041944,18.838456437687995,22527435.849498805,4382.311364509562,1.021487187630311,24.58221643474323,17.587500640357888,1805747.7485355248
1561.7811245616813,4.789837659367546,19.299878406551272,19.045090895318822,22214339.19068916,4304.3507159990695,1.026613012224509,23.581940709062508,17.56373902311364,1945154.6971149198
1553.261039989443,4.805310015580079,19.46383716768665,18.552036104243342,23876402.241300475,4307.525715327953,1.023710646428152,23.636175333607355,16.60067330885053,1750685.5471944502
1555.314951059075,4.800116884335176,19.395112194300822,18.35391188716045,24401920.87799705,4329.432087367585,1.0239775573442071,23.64463187067983,16.574550039134834,1885539.5263362383
1558.9318399057329,4.799062220843691,19.204514616978344,18.88003531205507,24559190.94923927,4341.508020974965,1.0265828630476739,23.634731196839823,17.592196265107106,1913752.5941133648
1542.6367950434988,4.814916120133479,18.873417589717207,18.981015304914735,24233127.61349655,4395.84625773635,1.0210927983997644,23.63372125061298,17.578459052850008,1865149.7694156044
1559.9886712897933,4.79853798576326,19.25030465026657,18.8528181836694,25953238.75206506,4340.456552655921,1.016276136671997,23.701089898456786,17.621283426227194,1856437.4713653226
1555.4000566357636,4.809579568155824,19.27746303644963,18.381480100240452,24072906.242963612,4363.508167041641,1.0246056757169153,23.628705500915373,16.554022526050744,1958709.4510304225
1570.530301814512,4.782499031811462,19.48565135683242,18.27973404947008,23264003.537501045,4283.0227141641435,1.0276388502172638,23.622552007753967,16.574448336120582,1906154.0395620135
1564.6617472381959,4.806749276203954,19.167215451904752,19.22167335471164,25490248.682000402,4385.1995595936905,1.024873338624605,23.660377891423593,17.577080983702103,1962526.4514378957
1551.7933046399787,4.8110293590890105,18.95235366912172,18.977801048682096,24362399.077084433,4379.384023859101,1.0198207254185898,23.64394992591079,17.6013169387129,1897444.8005248115
1553.7853182457316,4.806730226077253,19.036461537445206,18.95991387435373,24360290.27959262,4355.975644727045,1.0241893613810509,23.63620293877949,17.590208159654964,1871849.280867825
1550.2599388101555,4.822371540270753,19.008552828794393,19.216875541166587,24905809.40820591,4378.089972616912,1.018668944096837,23.658925213454182,17.596799368273793,1794115.9740464303
1574.515072864077,4.786755200913595,19.442855440306147,19.143776747975153,23360673.085988898,4282.990208347136,1.0295561582572674,23.608730910476567,17.580285829264284,1934823.3865582603
1549.7994305433704,4.794654380672978,19.242644473118418,18.244107596395793,25961947.1811795,4364.238552732812,1.021522033682045,23.681172602348482,16.618787153131706,1824173.42574804
1563.2947449912313,4.800099359524154,19.14796500726783,18.847406553995256,24983870.062056668,4341.457552501835,1.022606127694454,23.660452734060556,17.612596503109245,1870744.9403819405
1551.554180335316,4.802047698294616,18.939797431937365,18.830266222658082,24924367.100787587,4389.161193500565,1.0248703951813356,23.64441212735227,17.583786650012428,1881999.6380233576
1547.968477920662,4.812138380646876,18.910664536130895,19.02533272322566,24213000.004296385,4404.994152651889,1.0188864548676484,23.631583957847027,17.57175316806243,1921850.0508272098
1558.2256080443522,4.7909475933204435,19.277459547966117,19.02424509904654,23903310.5338,4332.8980672389225,1.02165839690637,23.635382592994063,17.5781868024535,1983057.5741625547
1556.3832736586726,4.801476119361018,19.284740187247678,18.35909964459546,25695251.229730405,4363.441378804519,1.0186310896928468,23.682625687045316,16.597601736162204,1852506.7596452315
1550.6747460988786,4.7848169972043575,19.36875484623036,18.16156578287186,23523098.378615968,4334.686593113333,1.0233283689213186,23.62138566788869,16.55728047503422,1979542.0580249624
1538.2751868580826,4.81512517668345,18.95866260057207,18.902656093203234,26103168.874371447,4424.6068214603265,1.0271549855162512,23.66887278341582,17.540009880328654,1991405.9403441215
1531.8189748473458,4.828139945614472,18.73951198271658,18.921392133071492,24415960.588156532,4426.401559903419,1.0160893112530458,23.64512439228477,17.508321841260084,1909140.1745540367
1553.062940044111,4.7779679862267885,19.29264102834648,18.82786289765383,23818656.838920895,4363.858054845884,1.024994999475171,23.630288652469915,17.48300682302917,2185728.992899442
1517.7758468529912,4.826863631397305,18.86753359862152,19.24639887713292,25197078.729679894,4457.442766265209,1.0196268521377156,23.6479062799051,17.49451811693629,1972454.1394982133
1561.5849520315414,4.7806178464229205,19.440255062612465,18.913210954500613,24956577.73315458,4327.502648519882,1.0247300044807535,23.66193944744353,17.538598478220962,2015226.9760426234
1536.5602599366855,4.808223909349053,19.129724731959698,19.136709479227676,25135432.726327736,4395.421454776039,1.0216769844136746,23.665005865754466,17.51176636672446,1976464.9309805564
1554.377620677854,4.795949994670629,19.24828927526397,18.825275806817274,24622702.90002067,4376.915223749043,1.0196450205842609,23.656772670253048,17.4814518611457,2120793.9825493447
1533.7394666743098,4.822102645351673,19.05857218904214,19.068647777614586,25811954.36915084,4431.494557859906,1.0176863575216124,23.685054272305877,17.51273055794374,2011403.2953168312
1555.197283688481,4.790685978159054,19.327387216188725,18.99569045315843,25555028.511063024,4362.641971169714,1.0130534139595917,23.691357112517494,17.57271503931051,1957794.1710921759
1556.7588336318208,4.796617793124259,19.440579250790734,18.219714138632753,25776074.016637918,4351.02363274637,1.0218475929129547,23.69419658871294,16.538431329430495,1972888.3674730714
1541.0009228979766,4.810200285151995,19.22457086022439,19.23777527343924,25570762.60082444,4388.733605788801,1.0183062137686314,23.682044926896765,17.568245980313435,1911600.2390931095
1559.3536800460377,4.776748853889593,19.384397285864623,18.998138643796295,25227011.381802797,4351.013384103188,1.0245133940489068,23.6722242761021,17.52944150635477,2017589.1149778897
1530.8060424043445,4.82738700943217,18.932261199756937,19.086302097567966,25744419.354285203,4422.328988129564,1.0202284170374598,23.671740925245018,17.52721885714473,1908076.057061597
1544.814364904842,4.796013915668831,19.25910887617286,18.82904434795782,25693793.68330283,4387.272913376826,1.0248217655064777,23.67244332951637,17.4876057873214,2117108.366330755
1531.6476540141712,4.833717530145762,19.063533676481228,19.218821390794005,26154807.880833343,4437.223302404269,1.0160869041867688,23.691134573173457,17.512132765327067,1959905.37685217
1561.5882704502148,4.77594857461119,19.620920884293525,18.90753888618579,25973795.596688576,4311.322940626309,1.0134630424653623,23.734550210724507,17.512600883049117,2006898.4320268473
1532.593259395874,4.816477579975603,19.10028811251638,19.175003203293386,26958432.71052959,4417.9073710258735,1.019982521703262,23.714502068722965,17.497086769475317,1926054.4260351136
1553.4178760357954,4.793832293959573,19.37374616016666,18.91851250669555,25719768.55315034,4358.657248284836,1.0160464089293713,23.703356624538827,17.495541060742823,2046382.3291257997
1543.5968219137505,4.797853826769526,19.148745130194243,18.973148191736584,25839739.546831287,4417.791838333577,1.0213889257831532,23.675580319133815,17.491017484395456,2073154.259935338
1538.6704641490178,4.810981904342093,19.10106596929802,18.936636664484524,24696591.465160042,4402.841645172147,1.0126410068396274,23.663369272780756,17.493514931640846,2058751.7248558921
1545.7405378241551,4.790251586156893,19.36364557323219,18.983255009852343,24735125.886772916,4358.471327118794,1.0294517213610104,23.641458431615206,17.48245392231189,2077276.647384841
1530.3497758381545,4.8316162728718695,19.025481771398518,19.063524586979327,25890471.4077575,4426.894077431211,1.017416349947371,23.68335849574015,17.484665304034877,2010923.323835103
1538.2937980418483,4.794279652247817,19.13028727141821,18.724357537092402,24990606.459382247,4398.80928378691,1.023189246345745,23.65174570083235,17.473123585825192,2125721.7790049794
1535.3292582666186,4.809685947312282,19.02851679087047,19.00646861514403,24693733.782698188,4394.557017843371,1.020297918360265,23.65462865206709,17.46655232488291,1950406.3571388323
1561.5172271362271,4.775229812556633,19.53458492308434,18.97234212607961,24510887.909376007,4315.660988054209,1.0233579970131268,23.65978967553221,17.488924133483664,2053734.296373132
1537.6039375127746,4.817616109579044,19.22514329728395,18.414169757215973,24908518.02194862,4397.19987732475,1.0277767739329988,23.639603091403558,16.497874297011776,2002022.3553628651
1562.5700952734621,4.770670727542602,19.386667010632408,18.91645063804458,24225104.420721408,4340.506677862434,1.0228107385054337,23.642128150339488,17.547221237821674,2111815.5827603457
1537.033981317394,4.815204894713583,18.848016774597284,18.848600074605116,26224758.027547162,4428.953405394557,1.0229530942409402,23.677464842217802,17.57131574237775,1888649.4606842778
1542.957547359254,4.816163644597845,19.06354330428823,18.862512650136523,26113092.668042224,4412.833793561174,1.0120522799024092,23.699079458160696,17.540980265450514,1995626.16342611
1531.3297465685055,4.793099627826833,19.295266058770267,19.122536962132358,24952070.57428089,4393.253671069986,1.0218192570059237,23.65818466056504,17.522679762770025,2074257.436603175
1541.338925083386,4.789012468716804,19.192892110674563,19.094047833477276,24057495.3843927,4383.483743364896,1.0222565530481467,23.63762913254061,17.519584254236207,2035411.2116939558
1538.9739781545013,4.800950780224431,19.104280914791957,18.801835783392903,25253714.43684924,4391.2263786907015,1.022919682139566,23.661818357657893,17.555300964208584,2016462.6911883443
1533.1816840600316,4.812656913899939,19.74338307844593,18.726672624286408,23366056.698100872,4431.30283128999,1.0220097514967919,24.602927774573374,17.48457380737156,2044220.5109184543
1528.6216485731961,4.80498740526693,18.902156114220276,18.630896398021974,22764477.385610092,4385.637466248873,1.0221845236776284,23.599138745309716,17.504643502855515,1983855.2394939659
1536.6046385370882,4.817779420034214,19.079815721633196,19.232534500876028,23340662.453754626,4374.377381139516,1.0220341763631111,23.614587584421628,17.49908331075906,1931161.5442583205
1544.55894004136,4.77823875789895,19.422284210678015,18.167110491651187,22632156.528076366,4332.255492733824,1.030248259332215,23.589507681268145,16.47423140749717,2065855.294731011
1525.3943325252433,4.818166574295194,18.958328906472104,19.222454346780722,23657316.815037116,4414.95948974497,1.0253829462461765,23.606044413575916,17.534057684398903,1981478.364585083
1556.6795154835288,4.775695640334158,19.248299286185954,18.796767335067358,23261194.64658933,4319.753081551303,1.024890466100209,23.615887835680212,17.571397183410767,1972863.5158395607
1524.9169475051697,4.826306340450515,18.783895068743448,18.93606016282115,26024071.22296486,4461.220361227979,1.0178949636323262,23.678864296751783,17.535106014598483,1916982.1856613401
1540.578066595521,4.812283621612419,19.2146986770515,18.86365467889715,25874539.529615644,4375.997135141691,1.012136391707169,23.70692412727729,17.513312845374514,1930854.4166481209
1541.1312260455086,4.801995834266452,19.219507003643315,19.13564355702823,24544747.00037809,4378.755979154204,1.0226431661164457,23.65879809015715,17.521777065772426,2023751.3608452152
1550.8463159380228,4.806313596709673,19.114186555333447,19.09738409886745,24700031.605860017,4385.957838421518,1.0220135188917536,23.647876942483265,17.49454367332362,1979284.8668585208
1543.5480728173056,4.790474989351101,19.065160879237624,18.84033900948222,23677118.067524403,4392.237721459987,1.0265678119589572,23.609122946736903,17.476631192756457,2076638.3471149798
1516.6813032748921,4.8142989638463884,18.8069001663566,18.863016615183057,22554958.42215602,4400.111604080251,1.0255247011159092,23.580864760886698,17.491654601814673,1929008.8682266253
1527.8281753668725,4.8030506953917165,18.959136190546474,18.875248147735334,21757298.36842467,4384.761113188938,1.0274684231675932,23.553581264424736,17.480087041526588,1998203.4367750515
1524.5440856307023,4.807454515203789,19.135305147767383,19.214510374461838,22477042.83212764,4387.1619278822245,1.0297825135927103,23.566960101393363,17.48175217920891,2012482.599025012
1531.4130985304198,4.811431569350506,19.259204916259733,18.27574810261865,26182564.759672128,4419.6191537144705,1.0166796223157522,23.69858955902805,16.523796169837112,1997910.6270304825
1545.4902306675333,4.7824301378774035,19.209874055031236,18.870762985340235,23310288.494544357,4339.429770218931,1.0305842369107958,23.606587029032113,17.52275070897275,1969399.4492651299
1535.026770809893,4.802821556728057,19.757862710374354,18.878914714912696,21995550.783030897,4408.0192637156215,1.0227918194689396,24.56321043813253,17.5396972638259,1932050.0464227626
1552.0185996685434,4.776541607737745,19.179663974109474,18.722150939370295,22023636.513936363,4309.504236703709,1.0269344533330504,23.57101416911101,17.583719208008517,1888394.2694301414
1546.902347624535,4.785568268790927,19.11103651663393,18.1987500214928,20854521.47545006,4312.250717557883,1.028723660638493,23.523029723967454,16.626481111196483,1733096.7367118162
1548.7359371086293,4.775500355224518,19.203420651563505,19.050774975403158,21395163.32086814,4286.068568903531,1.0272560326973725,23.551023890249297,17.63336411025992,1730256.4467564728
1552.9719441016937,4.789163362079856,19.086715384486553,19.07172653927563,22645205.401618302,4325.983960027407,1.030041154418956,23.569508069815868,17.63507421546825,1803230.9129922404
1543.0110721682518,4.78334380855705,19.020687150271584,18.992513352908645,22508244.049287222,4353.670349255063,1.0264588206974827,23.5561443799281,17.655871925696943,1808094.518319865
1538.6660871695756,4.788412087599609,19.05514153301459,18.99463825119568,23824390.11085047,4345.561111412659,1.0192122314507062,23.61645021684737,17.67390261370582,1776064.731851281
1536.26306097071,4.78174543078954,19.14845831719137,19.054551450883082,24984977.472017616,4334.583144378137,1.0181786232634051,23.662784777142235,17.668045117195703,1644501.8864142557
1547.949407499389,4.784535645281017,19.165426794974536,19.007768585705605,25995589.062580574,4366.920204668386,1.013587251347202,23.695511724514517,17.65719489234573,1758196.5535936884
1555.3444810097549,4.811045680274307,19.281374167693315,19.104897436594314,26185186.71007291,4370.001738685401,1.0144233642660991,23.721982623101695,17.54469655470217,1899104.1472225955
1539.217410950296,4.805800403831817,19.226141109412367,18.25402694716155,25033317.55632762,4337.547007715339,1.020011462850108,23.65830475985439,16.653897081163535,1735417.8697571834
1559.0726510516354,4.777965035408486,19.374233421895156,19.01561572872143,26133068.031999372,4327.800104856071,1.0165914089250245,23.69908162664234,17.661943248879,1790031.0772484057
1546.1638614332428,4.798585963295799,19.092288318665823,18.96282015347697,26456349.66492927,4361.851824886276,1.0168939858645951,23.69341037081722,17.69621897696129,1631927.597351816
1544.1825935461789,4.799643985370062,19.21515057705551,18.99251699051368,28672556.398066953,4369.275837324824,1.0068028639937896,23.762191650161753,17.761632697648537,1424710.0868685117
1529.6282847284026,4.812613334313418,19.20356269417414,18.38434107716691,29182677.862540714,4405.805907642664,1.0060158168707314,23.777915021276556,16.75374707562878,1386133.3154501985
1553.3046386128265,4.779367617719303,19.441785122570167,18.209504108051277,27528376.9504447,4313.23081869491,1.0116619023703752,23.730800924150827,16.765497954112618,1515666.2340595485
1542.6346436440824,4.794080480435563,19.158992460928772,19.069038552894853,26716464.790979803,4357.494972871593,1.0141042679048022,23.69773108747151,17.73729640504527,1605369.5946074105
1531.1821153994547,4.79648423929361,19.118097767437206,19.019405231446854,24979599.64196806,4339.7098993825975,1.0177561196309173,23.6554577956274,17.684794821324402,1687297.240689756
1524.0849170329216,4.771791158190077,19.134623875040518,18.999544361475955,23067943.211342793,4323.646047002149,1.0235122396992897,23.593002055405037,17.668619059814176,1682508.970004168
1519.501276660898,4.789301346034789,19.07152086860927,18.20795878076777,23066421.48491976,4367.441369513815,1.0211181706477739,23.5863021186002,16.650053594970416,1776249.3187612756
1540.217335753998,4.751036846859521,19.362974810956473,18.051488327859403,22446910.024329398,4291.665664354879,1.0289608153499394,23.57409183893614,16.642036157122845,1826282.6442025597
1516.2769719922894,4.808313912203576,19.093393573486566,18.295353335512516,23985470.025697276,4398.405938183999,1.0212158991192302,23.626460159281862,16.563237889088413,1930713.125475922
1554.4472495602402,4.776090421302132,19.58944370850341,19.043422989253628,26277699.270317733,4316.262618295338,1.0154454429717772,23.739570629828563,17.557585211260744,1913707.4485601515
1525.7589950170266,4.794545519123679,18.937856136850854,18.275936890612172,22410842.170334708,4346.81973051846,1.0269295632187874,23.56797431545212,16.668649702424716,1600567.6042318137
1523.27465681556,4.766404550383727,19.013973646174748,18.813227356907845,20354558.03932026,4330.598301650419,1.0299277596492418,23.511346994055458,17.557411324616538,1792916.379074212
1515.629133888674,4.800063192247007,18.990781052578313,18.84997837260235,27176568.041609626,4399.624215120743,1.0150320711473135,23.709611809880585,17.696314091919504,1635378.8616142715
1532.8414306185964,4.78459534574462,19.00477800867756,19.038406458693004,21602843.989186537,4306.068678142863,1.0260339811108135,23.53616675844947,17.70939501584712,1579645.8892476233
1556.2817197902607,4.766953416124869,19.32050374119808,18.18298761886399,23057837.751207,4260.2318592149495,1.02661014404408,23.58140133722614,16.733702699500384,1628851.1571264605
1533.736292242357,4.782936859245968,19.097259444295872,18.22870920735437,22346655.48043129,4351.545175554958,1.0238094033614609,23.576865467141346,16.60299036459631,1801540.5929854459
1562.8486940870696,4.74872654240205,19.318384838166537,18.103261385430812,20975121.925637227,4215.407233583002,1.0265667875788913,23.51055657740193,16.78307047271005,1523262.4859833024
1539.8071434831606,4.762646275434371,19.11231037118756,18.23673022165397,21181042.019751005,4277.825662213457,1.025284396970087,23.51085378392068,16.779735908297397,1502417.9039590238
1537.7457866293826,4.776282720039156,19.04675598264862,19.08669051797395,22547971.586271845,4299.125281772036,1.0234086476648714,23.56558358886923,17.745836527656678,1510047.7491741364
1553.47851778628,4.79048895578758,19.278729093642085,19.09739761334197,28986622.054861523,4362.024443948578,1.0058779464553105,23.777964084247145,17.778405475732853,1410464.9871357523
1546.8040226347014,4.7745889914154755,19.307443692778833,18.219705978337117,24133518.860870298,4265.70607046945,1.0219609084464627,23.626569542040585,16.758062212100896,1517619.5930787725
1544.9273602983628,4.795342176113044,19.22972962394175,18.323263847650082,26877478.952943966,4331.076292632056,1.0157830202588007,23.703876451043243,16.755056578749958,1453389.6825222643
1556.0649793071289,4.777948100434019,19.400883497411257,19.0765084484554,28199009.295321237,4319.174996105682,1.0095353973795922,23.759847520216624,17.763156782289172,1468247.9955230097
1548.5398795492683,4.798774147965403,19.22175170857372,19.11139668822358,27734218.339296147,4379.64965295691,1.0105913500015424,23.742014967107025,17.69244691350204,1682116.834276861
1541.5541188568811,4.795620979163049,19.352498172405234,19.07223823656355,28008612.616751146,4337.052497879702,1.0104903551044224,23.7622814165897,17.71021071221986,1508612.7924805086
1529.4668162106402,4.796965444415103,19.212666089044944,18.21548629512401,26249312.700486306,4367.9884549501085,1.0141827400050862,23.70267038055681,16.67196510404625,1674398.0533413573
1559.9118677222498,4.77286973102905,19.424693312228925,18.21846776779597,26081988.446023628,4305.230666400608,1.0139911687478491,23.692628783617835,16.731193841226542,1636843.212232359
1544.6912550531397,4.778681491329812,19.379148997493928,18.361446438639234,25539160.991082896,4315.773330185818,1.0166490900884924,23.666890418956513,16.74816921207983,1629960.4055897612
1537.2620737579823,4.774156535591048,19.196131623839676,18.242158798660142,24173823.741228532,4307.77583955447,1.017869633985989,23.627921381308,16.739034207126025,1564602.0106336474
1536.3155082678045,4.7576752927802515,19.271858222293417,18.039012491272786,22963993.516912315,4300.387704031842,1.0258750702786972,23.590382900174063,16.6639157652246,1733649.920064421
1540.9477867371907,4.784227361514353,19.060836373366953,18.226722646824186,22693949.951591823,4307.049516810961,1.022390360805988,23.576005482285893,16.724976793034728,1578185.049153337
1548.8913147604603,4.7616917466423,19.420293761860336,18.199378518995047,23236744.94035358,4257.973847084199,1.0237265195640513,23.594846360459513,16.738282702296004,1675127.9467992543
1536.8536646366124,4.781504373684809,19.264728480068158,18.403481321140617,26584169.85556793,4339.471352270617,1.0121775941529367,23.691401784617398,16.79339747698171,1475665.9534771398
1544.5541840535475,4.781176035029838,19.423553775344743,18.20866838031654,26631466.846758075,4323.94221716145,1.0161438200415496,23.713289057595688,16.68638108916508,1613001.099141602
1535.970029787732,4.831042200580833,19.198637489146677,19.14263693513405,31258895.00900933,4423.338571901396,1.0061912331653144,23.852223083811083,17.699601018648167,1488034.4350530657
1546.931608746815,4.797133865285752,19.39076785157485,19.062411515209305,30048402.151830096,4344.184333259743,1.0002241191463304,23.842808410868457,17.77388865705609,1199594.461055842
1554.986618002805,4.795111878209374,19.50764074518321,18.28122243469599,29229562.214293193,4323.786658789079,1.0056669165081458,23.81336449521055,16.755724988667396,1350261.6726558122
1549.4528168420466,4.797647224926613,19.544525443392246,18.355154444371834,30189827.19845556,4350.172444949551,0.9977866175632161,23.837067213146895,16.802059440309222,1227788.9595071343
1583.1618193677723,4.747768990173353,19.6821361789097,18.181509205932088,29532428.638511427,4284.025589112791,1.0054734998510053,23.80616762656163,16.818513659030174,1381162.8147684108
1542.9601341318353,4.787342632525197,19.33833088376562,18.233922258600018,29597926.41222799,4387.5989368119945,0.9997739185527266,23.79487314985718,16.802279682183155,1366002.6570568022
1551.9985256963653,4.758190956740415,19.47439247457862,18.056006024416035,28184141.346564353,4313.947185405875,1.0056617589764465,23.760637206407097,16.7968113193497,1359420.6650040844
1537.4744841004517,4.786395753484981,19.35813340484964,18.37341280030219,28773746.862558957,4358.09477651946,1.0005644047860123,23.78607228816935,16.781847621406655,1245398.23839177
1546.3532512121155,4.752021394479322,19.58812422662814,18.05339396666696,27134034.770940304,4304.060761685861,1.0091505036743806,23.738529717864054,16.734380135370117,1654648.6449866751
1506.1563372670203,4.801528883842721,19.119995092281613,18.424993649221136,28331143.388872925,4432.6156382655745,1.008203815495994,23.742924440520795,16.725844237480857,1475019.2841422462
1533.1349854321495,4.780311017737871,19.460352384643556,19.100008989619425,28094509.10867594,4341.812879622256,1.001808720660393,23.781303129496507,17.735036378572374,1422413.9312312875
1515.4528507124517,4.801994337735745,19.270500918964387,18.344439534190457,28364341.12289281,4387.852693346422,1.0130119226238021,23.75183228731953,16.703233755546364,1511004.766114865
1542.974434245013,4.777457342243239,19.354712463533502,19.09798083179595,26381677.995737717,4319.233902589664,1.0109835943019831,23.70769131840504,17.732406599119827,1552863.0896648278
1523.793638932433,4.782781036947457,19.2391008488986,19.11138878968731,27088111.435387317,4357.211661015284,1.0107400646115339,23.72317397030932,17.72481333731031,1529842.8863763646
1522.6069479984733,4.787189786637323,19.462518784882434,18.327109265133345,26593596.742068674,4341.91824337909,1.00865043059904,23.72359508517843,16.68596507686388,1596202.2796445326
1550.0911222618392,4.7610276311845166,19.535014979945146,18.289007387519348,26170281.874274064,4320.451209848462,1.0146954111831015,23.70613757107037,16.673089370807332,1738256.1632852086
1523.7801912675104,4.772823198979559,19.268721142726946,18.204851539151946,24465489.18764388,4319.007038443034,1.01974808765373,23.641407241813198,16.705187678004336,1613258.6763507589
1536.5875070381132,4.777905026001957,19.333115770492952,18.1225041182214,26793816.383335017,4341.4867522960485,1.0066946283954992,23.729571339458232,16.71754012639917,1532397.9225717774
1539.540920593422,4.774868451591014,19.3156271626882,18.114923997264015,26850091.51159061,4361.142681443978,1.0138288239789326,23.720366467437174,16.658567874327275,1709452.5891284745
1531.924455323875,4.785705878080798,19.24380956209498,18.2191948600923,25416412.57305986,4328.905226472334,1.017171975754901,23.680167414198593,16.68271317504997,1640977.3560119923
1552.7789516963455,4.761809260938263,19.40939685350719,18.956237282331358,24693218.303620692,4306.414676234823,1.011161539089288,23.67522866238147,17.64479390983007,1759335.3417796036
1532.5621666750137,4.781534384940655,19.203051027575384,18.170854262813663,24945639.631434757,4354.925010676475,1.0180737498922392,23.654256797704818,16.656852394262557,1760875.4122646782
1529.399669735973,4.7706822863361396,19.126322195983363,18.178274430005814,22362213.874600224,4315.0193275033425,1.0222310391276364,23.564421297672936,16.716119192065236,1658869.5556224054
1529.6442867488936,4.78959369981841,19.052926654486924,19.156048461638704,23698322.342968788,4344.6731330642415,1.0223955395562618,23.613723582485818,17.661074976165935,1686428.8235905792
1537.5543975353905,4.770539940851089,19.155195692128842,18.10246273567219,23910433.26584703,4309.783404668042,1.0181968781582307,23.63108000500162,16.696495139425252,1560028.10966132
1535.8773378182982,4.779061634984962,19.282866642376717,18.176518383516225,26153097.417075638,4353.74234399577,1.016382412807993,23.693713733503614,16.681015185289368,1722485.1679484467
1534.8032020674923,4.777993619350256,19.189488757538953,18.141128123922385,23680176.79221789,4320.010949361299,1.023218149930545,23.612318348108175,16.666222337637635,1694941.7128215511
1537.7945339238659,4.77494288311846,19.157301802045595,19.009383564487393,24157870.57897487,4333.042452385259,1.0221761076787756,23.622414025435887,17.68521392157706,1751372.6065682054
1525.7128161172511,4.78070284893583,19.03426884258485,18.135854834354177,24435837.773382943,4343.275362168913,1.021313037834577,23.63592896047541,16.705325970680292,1589364.164965717
1533.4252512549049,4.782703523570739,19.220485023288347,18.208418867686078,24775992.112458415,4323.520150693993,1.0105466203842957,23.674122214307687,16.68926910254106,1567508.2085071653
1544.815282941409,4.7592148650069275,19.327679791603856,19.03133112477451,26261542.549823247,4333.889991246694,1.0169952969221836,23.69393584458956,17.693417901867008,1693087.2576960449
1539.1271824446053,4.795742551045716,19.102085908665657,19.096520300394843,25720492.869653013,4343.018412435123,1.0092642726584031,23.696877577976807,17.71184444359048,1501304.483810168
1537.233124469891,4.770984555746802,19.240729001985102,18.93921087448146,27094293.12442988,4356.229754276417,1.0131842832751918,23.71941796295124,17.713250336482446,1652205.7443084102
1529.1001149004762,4.793080555173118,19.181592500818056,19.162918525041306,26396007.99661868,4369.6957975946125,1.0089562931934646,23.707467548229488,17.70559243143674,1604705.2425012225
1534.0717247610398,4.787236707257015,19.372777682353473,18.29813462958444,26645477.49804103,4353.952122977959,1.0134767249868912,23.719489272250996,16.647873821110238,1659083.4645274135
1528.6694697159674,4.788973232428854,19.264691897289396,18.268044825080892,26620860.08580021,4359.448798209702,1.0111508527507032,23.72356281671847,16.672308155394774,1571480.1541307329
1536.2667372871274,4.767184724078744,19.38744159204211,18.9859594485427,26586613.95258517,4344.1963109116705,1.0136482274268692,23.71859496617074,17.63849087261076,1760111.5083570264
1519.8803605898934,4.801614134036109,18.96210241515078,18.998084062402256,27650766.646115415,4434.973729309127,1.008703633228784,23.726186017394042,17.696910092830223,1602368.6866041902
1527.2526685574892,4.780589143714859,19.16841842020571,18.795668398679197,26345961.00368594,4376.071013777993,1.0078775936545996,23.70809344562835,17.666956113727167,1713484.5819534876
1516.7748702884007,4.801716419149893,19.37860820392413,18.378591477616766,27553806.64818024,4383.1013137294,1.0084466869160826,23.760401096407804,16.633468024265596,1637384.951097916
1516.628667867403,4.793172983751209,19.354166408692038,18.217056829461,26684417.927005842,4389.784315157406,1.0078852561930454,23.74111566610918,16.57530737726219,1809553.1513545886
1538.3379421102022,4.769401017820625,19.44057104850674,19.06283099266352,27014129.859676313,4358.078353015134,1.0134654958390277,23.747861653410553,17.584367530727462,1834904.4502826957
1518.672054244647,4.802914662787817,19.128034893714556,19.02126915817439,27346728.416034304,4429.389781500074,1.0089065441185419,23.74886861999792,17.575293870254967,1843163.9030421171
1511.7625932429187,4.783576748452146,19.094044510325574,18.736359884540946,27353320.01234481,4414.554617733184,1.0123788071096806,23.742821300661376,17.532205368638728,1864838.5435058642
1511.020734594022,4.821624012107038,18.98143985697797,18.953946593715102,27626622.86338368,4424.01738336317,1.0085571313519126,23.75563934317219,17.527657201447823,1753444.010941706
1531.020381418654,4.765866582782486,19.594999492768494,19.016262993216145,25925747.998861488,4333.6640921326125,1.0098066288235301,23.738570308267015,17.524582376981556,1925661.3727844246
1508.4410878903016,4.8183927563277065,19.368753484631753,18.45455584891735,27370159.09920333,4410.823839763322,1.0103504652202222,23.74806270653673,16.576351769144225,1789035.2709173688
1537.22351710098,4.777704557485437,19.509760344768353,18.935224772789354,26572803.12081633,4339.248365967327,1.0112803478791987,23.745151971862867,17.56583328692983,1859991.956535724
1523.0072347149435,4.7801624056517635,19.06197533883099,18.871503967203495,25829515.110228427,4394.799849525406,1.013586827333113,23.687766903766487,17.63341179755264,1775224.466389464
1527.4424819774226,4.792132204581448,19.14691387460951,18.756173221985193,27029673.270795837,4402.06579345,1.0061284498264877,23.744129019014622,17.60140813361167,1814585.870098172
1521.761140048511,4.788082109259645,19.333128850215957,19.076535044731855,26765728.307147704,4389.879184447058,1.0113536725523917,23.737171320073003,17.56167534216101,1852040.6080120176
1510.5013935732516,4.796628736427708,19.365902019919957,18.338221624058377,25974436.771830536,4400.008205221666,1.0093762899204068,23.717472685689614,16.54217354315358,1881839.2053547183
1518.355520860846,4.773098054159213,19.396980154735417,18.993165479390825,26414350.891141582,4377.1986208927465,1.0177030661456006,23.724754859059487,17.524688153713385,1937026.666806534
1498.7137571146527,4.807256823548137,18.908105349571855,18.88262234566585,27009524.43712163,4440.83557089117,1.0085068152082952,23.731503902163922,17.51395320862315,1787476.117217536
1516.0179174192904,4.780445841435296,19.116436431876792,18.62101600444288,25296266.151918143,4404.939744477603,1.0149522893219969,23.677731376359503,17.51463309671354,2012849.1037523309
1491.305365182347,4.822333554099181,19.06969599262817,18.923451672807005,27779950.941681676,4396.062099603217,1.0090627678448207,23.73424780413518,17.22281729267965,1288147.196951304
